{
  "ASTType" : "BoxTemplate",
  "ASTPackage" : "ortus.boxlang.compiler.ast",
  "sourceText" : "<bx:script>\n    arr = [ 1,2,3 ]\n    user = { name : \"boxlang\", id : createUUID(), age : 3 }\n    today = now()\n</bx:script>\n\n<bx:output>\n<h3>Output:</h3>\nToday is #today#\n<br>\nMy user has #arr.len()# keys\n<hr>\n\n<h3>Loop Array:</h3>\n<bx:loop array=#arr# item=\"item\">\n    <b>#item#</b>, \n</bx:loop>\n<hr>\n\n<h3>Loop Struct:</h3>\n<bx:loop collection=#user# item=\"item\">\n    <b>#item#</b> = #user[item]#,<br>\n</bx:loop>\n<hr>\n\n<h3>Conditions:</h3>\n<bx:if arr[1] == 2>\n    <b>arr[1] is  2</b>\n<bx:else>\n    <b>arr[1] is not 2</b>\n</bx:if>\n<hr>\n\n<h3>Demp:</h3>\n<bx:dump var=#variables# />\n</bx:output>",
  "position" : {
    "start" : {
      "line" : 1,
      "column" : 0
    },
    "end" : {
      "line" : 36,
      "column" : 17
    }
  },
  "comments" : [ ],
  "statements" : [ {
    "ASTType" : "BoxScriptIsland",
    "ASTPackage" : "ortus.boxlang.compiler.ast.statement",
    "sourceText" : "\n    arr = [ 1,2,3 ]\n    user = { name : \"boxlang\", id : createUUID(), age : 3 }\n    today = now()\n",
    "position" : {
      "start" : {
        "line" : 1,
        "column" : 11
      },
      "end" : {
        "line" : 4,
        "column" : 18
      }
    },
    "comments" : [ ],
    "statements" : [ {
      "ASTType" : "BoxExpressionStatement",
      "ASTPackage" : "ortus.boxlang.compiler.ast.statement",
      "sourceText" : "arr = [ 1,2,3 ]",
      "position" : {
        "start" : {
          "line" : 2,
          "column" : 15
        },
        "end" : {
          "line" : 2,
          "column" : 30
        }
      },
      "comments" : [ ],
      "expression" : {
        "ASTType" : "BoxAssignment",
        "ASTPackage" : "ortus.boxlang.compiler.ast.expression",
        "sourceText" : "arr = [ 1,2,3 ]",
        "position" : {
          "start" : {
            "line" : 2,
            "column" : 15
          },
          "end" : {
            "line" : 2,
            "column" : 30
          }
        },
        "comments" : [ ],
        "modifiers" : [ ],
        "left" : {
          "ASTType" : "BoxIdentifier",
          "ASTPackage" : "ortus.boxlang.compiler.ast.expression",
          "sourceText" : "arr",
          "position" : {
            "start" : {
              "line" : 2,
              "column" : 15
            },
            "end" : {
              "line" : 2,
              "column" : 18
            }
          },
          "comments" : [ ],
          "name" : "arr"
        },
        "op" : {
          "ASTType" : "BoxAssignment",
          "ASTPackage" : "ortus.boxlang.compiler.ast.expression",
          "sourceText" : "Equal"
        },
        "right" : {
          "ASTType" : "BoxArrayLiteral",
          "ASTPackage" : "ortus.boxlang.compiler.ast.expression",
          "sourceText" : "[ 1,2,3 ]",
          "position" : {
            "start" : {
              "line" : 2,
              "column" : 21
            },
            "end" : {
              "line" : 2,
              "column" : 30
            }
          },
          "comments" : [ ],
          "values" : [ {
            "ASTType" : "BoxIntegerLiteral",
            "ASTPackage" : "ortus.boxlang.compiler.ast.expression",
            "sourceText" : "1",
            "position" : {
              "start" : {
                "line" : 2,
                "column" : 12
              },
              "end" : {
                "line" : 2,
                "column" : 13
              }
            },
            "comments" : [ ],
            "value" : "1"
          }, {
            "ASTType" : "BoxIntegerLiteral",
            "ASTPackage" : "ortus.boxlang.compiler.ast.expression",
            "sourceText" : "2",
            "position" : {
              "start" : {
                "line" : 2,
                "column" : 14
              },
              "end" : {
                "line" : 2,
                "column" : 15
              }
            },
            "comments" : [ ],
            "value" : "2"
          }, {
            "ASTType" : "BoxIntegerLiteral",
            "ASTPackage" : "ortus.boxlang.compiler.ast.expression",
            "sourceText" : "3",
            "position" : {
              "start" : {
                "line" : 2,
                "column" : 16
              },
              "end" : {
                "line" : 2,
                "column" : 17
              }
            },
            "comments" : [ ],
            "value" : "3"
          } ]
        }
      }
    }, {
      "ASTType" : "BoxExpressionStatement",
      "ASTPackage" : "ortus.boxlang.compiler.ast.statement",
      "sourceText" : "user = { name : \"boxlang\", id : createUUID(), age : 3 }",
      "position" : {
        "start" : {
          "line" : 3,
          "column" : 15
        },
        "end" : {
          "line" : 3,
          "column" : 70
        }
      },
      "comments" : [ ],
      "expression" : {
        "ASTType" : "BoxAssignment",
        "ASTPackage" : "ortus.boxlang.compiler.ast.expression",
        "sourceText" : "user = { name : \"boxlang\", id : createUUID(), age : 3 }",
        "position" : {
          "start" : {
            "line" : 3,
            "column" : 15
          },
          "end" : {
            "line" : 3,
            "column" : 70
          }
        },
        "comments" : [ ],
        "modifiers" : [ ],
        "left" : {
          "ASTType" : "BoxIdentifier",
          "ASTPackage" : "ortus.boxlang.compiler.ast.expression",
          "sourceText" : "user",
          "position" : {
            "start" : {
              "line" : 3,
              "column" : 15
            },
            "end" : {
              "line" : 3,
              "column" : 19
            }
          },
          "comments" : [ ],
          "name" : "user"
        },
        "op" : {
          "ASTType" : "BoxAssignment",
          "ASTPackage" : "ortus.boxlang.compiler.ast.expression",
          "sourceText" : "Equal"
        },
        "right" : {
          "ASTType" : "BoxStructLiteral",
          "ASTPackage" : "ortus.boxlang.compiler.ast.expression",
          "sourceText" : "{ name : \"boxlang\", id : createUUID(), age : 3 }",
          "position" : {
            "start" : {
              "line" : 3,
              "column" : 22
            },
            "end" : {
              "line" : 3,
              "column" : 70
            }
          },
          "comments" : [ ],
          "type" : {
            "ASTType" : "BoxStructLiteral",
            "ASTPackage" : "ortus.boxlang.compiler.ast.expression",
            "sourceText" : "Unordered"
          },
          "values" : [ {
            "ASTType" : "BoxIdentifier",
            "ASTPackage" : "ortus.boxlang.compiler.ast.expression",
            "sourceText" : "name",
            "position" : {
              "start" : {
                "line" : 3,
                "column" : 24
              },
              "end" : {
                "line" : 3,
                "column" : 28
              }
            },
            "comments" : [ ],
            "name" : "name"
          }, {
            "ASTType" : "BoxStringLiteral",
            "ASTPackage" : "ortus.boxlang.compiler.ast.expression",
            "sourceText" : "\"boxlang\"",
            "position" : {
              "start" : {
                "line" : 3,
                "column" : 31
              },
              "end" : {
                "line" : 3,
                "column" : 40
              }
            },
            "comments" : [ ],
            "value" : "boxlang"
          }, {
            "ASTType" : "BoxIdentifier",
            "ASTPackage" : "ortus.boxlang.compiler.ast.expression",
            "sourceText" : "id",
            "position" : {
              "start" : {
                "line" : 3,
                "column" : 42
              },
              "end" : {
                "line" : 3,
                "column" : 44
              }
            },
            "comments" : [ ],
            "name" : "id"
          }, {
            "ASTType" : "BoxFunctionInvocation",
            "ASTPackage" : "ortus.boxlang.compiler.ast.expression",
            "sourceText" : "createUUID()",
            "position" : {
              "start" : {
                "line" : 3,
                "column" : 47
              },
              "end" : {
                "line" : 3,
                "column" : 59
              }
            },
            "comments" : [ ],
            "name" : "createUUID",
            "arguments" : [ ]
          }, {
            "ASTType" : "BoxIdentifier",
            "ASTPackage" : "ortus.boxlang.compiler.ast.expression",
            "sourceText" : "age",
            "position" : {
              "start" : {
                "line" : 3,
                "column" : 61
              },
              "end" : {
                "line" : 3,
                "column" : 64
              }
            },
            "comments" : [ ],
            "name" : "age"
          }, {
            "ASTType" : "BoxIntegerLiteral",
            "ASTPackage" : "ortus.boxlang.compiler.ast.expression",
            "sourceText" : "3",
            "position" : {
              "start" : {
                "line" : 3,
                "column" : 56
              },
              "end" : {
                "line" : 3,
                "column" : 57
              }
            },
            "comments" : [ ],
            "value" : "3"
          } ]
        }
      }
    }, {
      "ASTType" : "BoxExpressionStatement",
      "ASTPackage" : "ortus.boxlang.compiler.ast.statement",
      "sourceText" : "today = now()",
      "position" : {
        "start" : {
          "line" : 4,
          "column" : 15
        },
        "end" : {
          "line" : 4,
          "column" : 28
        }
      },
      "comments" : [ ],
      "expression" : {
        "ASTType" : "BoxAssignment",
        "ASTPackage" : "ortus.boxlang.compiler.ast.expression",
        "sourceText" : "today = now()",
        "position" : {
          "start" : {
            "line" : 4,
            "column" : 15
          },
          "end" : {
            "line" : 4,
            "column" : 28
          }
        },
        "comments" : [ ],
        "modifiers" : [ ],
        "left" : {
          "ASTType" : "BoxIdentifier",
          "ASTPackage" : "ortus.boxlang.compiler.ast.expression",
          "sourceText" : "today",
          "position" : {
            "start" : {
              "line" : 4,
              "column" : 15
            },
            "end" : {
              "line" : 4,
              "column" : 20
            }
          },
          "comments" : [ ],
          "name" : "today"
        },
        "op" : {
          "ASTType" : "BoxAssignment",
          "ASTPackage" : "ortus.boxlang.compiler.ast.expression",
          "sourceText" : "Equal"
        },
        "right" : {
          "ASTType" : "BoxFunctionInvocation",
          "ASTPackage" : "ortus.boxlang.compiler.ast.expression",
          "sourceText" : "now()",
          "position" : {
            "start" : {
              "line" : 4,
              "column" : 23
            },
            "end" : {
              "line" : 4,
              "column" : 28
            }
          },
          "comments" : [ ],
          "name" : "now",
          "arguments" : [ ]
        }
      }
    } ]
  }, {
    "ASTType" : "BoxBufferOutput",
    "ASTPackage" : "ortus.boxlang.compiler.ast.statement",
    "sourceText" : "\n\n",
    "position" : {
      "start" : {
        "line" : 5,
        "column" : 12
      },
      "end" : {
        "line" : 5,
        "column" : 14
      }
    },
    "comments" : [ ],
    "expression" : {
      "ASTType" : "BoxStringLiteral",
      "ASTPackage" : "ortus.boxlang.compiler.ast.expression",
      "sourceText" : "\n\n",
      "position" : {
        "start" : {
          "line" : 5,
          "column" : 12
        },
        "end" : {
          "line" : 5,
          "column" : 14
        }
      },
      "comments" : [ ],
      "value" : "\n\n"
    }
  }, {
    "ASTType" : "BoxComponent",
    "ASTPackage" : "ortus.boxlang.compiler.ast.statement.component",
    "sourceText" : "<bx:output>\n<h3>Output:</h3>\nToday is #today#\n<br>\nMy user has #arr.len()# keys\n<hr>\n\n<h3>Loop Array:</h3>\n<bx:loop array=#arr# item=\"item\">\n    <b>#item#</b>, \n</bx:loop>\n<hr>\n\n<h3>Loop Struct:</h3>\n<bx:loop collection=#user# item=\"item\">\n    <b>#item#</b> = #user[item]#,<br>\n</bx:loop>\n<hr>\n\n<h3>Conditions:</h3>\n<bx:if arr[1] == 2>\n    <b>arr[1] is  2</b>\n<bx:else>\n    <b>arr[1] is not 2</b>\n</bx:if>\n<hr>\n\n<h3>Demp:</h3>\n<bx:dump var=#variables# />\n</bx:output>",
    "position" : {
      "start" : {
        "line" : 7,
        "column" : 0
      },
      "end" : {
        "line" : 36,
        "column" : 12
      }
    },
    "comments" : [ ],
    "name" : "output",
    "attributes" : [ ],
    "body" : [ {
      "ASTType" : "BoxBufferOutput",
      "ASTPackage" : "ortus.boxlang.compiler.ast.statement",
      "sourceText" : "\n<h3>Output:</h3>\nToday is ",
      "position" : {
        "start" : {
          "line" : 7,
          "column" : 11
        },
        "end" : {
          "line" : 8,
          "column" : 26
        }
      },
      "comments" : [ ],
      "expression" : {
        "ASTType" : "BoxStringLiteral",
        "ASTPackage" : "ortus.boxlang.compiler.ast.expression",
        "sourceText" : "\n<h3>Output:</h3>\nToday is ",
        "position" : {
          "start" : {
            "line" : 7,
            "column" : 11
          },
          "end" : {
            "line" : 8,
            "column" : 26
          }
        },
        "comments" : [ ],
        "value" : "\n<h3>Output:</h3>\nToday is "
      }
    }, {
      "ASTType" : "BoxBufferOutput",
      "ASTPackage" : "ortus.boxlang.compiler.ast.statement",
      "sourceText" : "#today#",
      "position" : {
        "start" : {
          "line" : 9,
          "column" : 9
        },
        "end" : {
          "line" : 9,
          "column" : 16
        }
      },
      "comments" : [ ],
      "expression" : {
        "ASTType" : "BoxStringInterpolation",
        "ASTPackage" : "ortus.boxlang.compiler.ast.expression",
        "sourceText" : "#today#",
        "position" : {
          "start" : {
            "line" : 9,
            "column" : 9
          },
          "end" : {
            "line" : 9,
            "column" : 16
          }
        },
        "comments" : [ ],
        "values" : [ {
          "ASTType" : "BoxIdentifier",
          "ASTPackage" : "ortus.boxlang.compiler.ast.expression",
          "sourceText" : "today",
          "position" : {
            "start" : {
              "line" : 9,
              "column" : 10
            },
            "end" : {
              "line" : 9,
              "column" : 15
            }
          },
          "comments" : [ ],
          "name" : "today"
        } ]
      }
    }, {
      "ASTType" : "BoxBufferOutput",
      "ASTPackage" : "ortus.boxlang.compiler.ast.statement",
      "sourceText" : "\n<br>\nMy user has ",
      "position" : {
        "start" : {
          "line" : 9,
          "column" : 16
        },
        "end" : {
          "line" : 10,
          "column" : 17
        }
      },
      "comments" : [ ],
      "expression" : {
        "ASTType" : "BoxStringLiteral",
        "ASTPackage" : "ortus.boxlang.compiler.ast.expression",
        "sourceText" : "\n<br>\nMy user has ",
        "position" : {
          "start" : {
            "line" : 9,
            "column" : 16
          },
          "end" : {
            "line" : 10,
            "column" : 17
          }
        },
        "comments" : [ ],
        "value" : "\n<br>\nMy user has "
      }
    }, {
      "ASTType" : "BoxBufferOutput",
      "ASTPackage" : "ortus.boxlang.compiler.ast.statement",
      "sourceText" : "#arr.len()#",
      "position" : {
        "start" : {
          "line" : 11,
          "column" : 12
        },
        "end" : {
          "line" : 11,
          "column" : 23
        }
      },
      "comments" : [ ],
      "expression" : {
        "ASTType" : "BoxStringInterpolation",
        "ASTPackage" : "ortus.boxlang.compiler.ast.expression",
        "sourceText" : "#arr.len()#",
        "position" : {
          "start" : {
            "line" : 11,
            "column" : 12
          },
          "end" : {
            "line" : 11,
            "column" : 23
          }
        },
        "comments" : [ ],
        "values" : [ {
          "ASTType" : "BoxMethodInvocation",
          "ASTPackage" : "ortus.boxlang.compiler.ast.expression",
          "sourceText" : ".len()",
          "position" : {
            "start" : {
              "line" : 11,
              "column" : 16
            },
            "end" : {
              "line" : 11,
              "column" : 22
            }
          },
          "comments" : [ ],
          "obj" : {
            "ASTType" : "BoxIdentifier",
            "ASTPackage" : "ortus.boxlang.compiler.ast.expression",
            "sourceText" : "arr",
            "position" : {
              "start" : {
                "line" : 11,
                "column" : 13
              },
              "end" : {
                "line" : 11,
                "column" : 16
              }
            },
            "comments" : [ ],
            "name" : "arr"
          },
          "name" : {
            "ASTType" : "BoxIdentifier",
            "ASTPackage" : "ortus.boxlang.compiler.ast.expression",
            "sourceText" : "len",
            "position" : {
              "start" : {
                "line" : 11,
                "column" : 17
              },
              "end" : {
                "line" : 11,
                "column" : 20
              }
            },
            "comments" : [ ],
            "name" : "len"
          },
          "arguments" : [ ],
          "safe" : false
        } ]
      }
    }, {
      "ASTType" : "BoxBufferOutput",
      "ASTPackage" : "ortus.boxlang.compiler.ast.statement",
      "sourceText" : " keys\n<hr>\n\n<h3>Loop Array:</h3>\n",
      "position" : {
        "start" : {
          "line" : 11,
          "column" : 23
        },
        "end" : {
          "line" : 14,
          "column" : 21
        }
      },
      "comments" : [ ],
      "expression" : {
        "ASTType" : "BoxStringLiteral",
        "ASTPackage" : "ortus.boxlang.compiler.ast.expression",
        "sourceText" : " keys\n<hr>\n\n<h3>Loop Array:</h3>\n",
        "position" : {
          "start" : {
            "line" : 11,
            "column" : 23
          },
          "end" : {
            "line" : 14,
            "column" : 21
          }
        },
        "comments" : [ ],
        "value" : " keys\n<hr>\n\n<h3>Loop Array:</h3>\n"
      }
    }, {
      "ASTType" : "BoxComponent",
      "ASTPackage" : "ortus.boxlang.compiler.ast.statement.component",
      "sourceText" : "<bx:loop array=#arr# item=\"item\">\n    <b>#item#</b>, \n</bx:loop>",
      "position" : {
        "start" : {
          "line" : 15,
          "column" : 0
        },
        "end" : {
          "line" : 17,
          "column" : 10
        }
      },
      "comments" : [ ],
      "name" : "loop",
      "attributes" : [ {
        "ASTType" : "BoxAnnotation",
        "ASTPackage" : "ortus.boxlang.compiler.ast.statement",
        "sourceText" : "array=#arr#",
        "position" : {
          "start" : {
            "line" : 15,
            "column" : 9
          },
          "end" : {
            "line" : 15,
            "column" : 20
          }
        },
        "comments" : [ ],
        "key" : {
          "ASTType" : "BoxFQN",
          "ASTPackage" : "ortus.boxlang.compiler.ast.expression",
          "sourceText" : "array",
          "position" : {
            "start" : {
              "line" : 15,
              "column" : 9
            },
            "end" : {
              "line" : 15,
              "column" : 14
            }
          },
          "comments" : [ ],
          "value" : "array"
        },
        "value" : {
          "ASTType" : "BoxIdentifier",
          "ASTPackage" : "ortus.boxlang.compiler.ast.expression",
          "sourceText" : "arr",
          "position" : {
            "start" : {
              "line" : 15,
              "column" : 16
            },
            "end" : {
              "line" : 15,
              "column" : 19
            }
          },
          "comments" : [ ],
          "name" : "arr"
        }
      }, {
        "ASTType" : "BoxAnnotation",
        "ASTPackage" : "ortus.boxlang.compiler.ast.statement",
        "sourceText" : "item=\"item\"",
        "position" : {
          "start" : {
            "line" : 15,
            "column" : 21
          },
          "end" : {
            "line" : 15,
            "column" : 32
          }
        },
        "comments" : [ ],
        "key" : {
          "ASTType" : "BoxFQN",
          "ASTPackage" : "ortus.boxlang.compiler.ast.expression",
          "sourceText" : "item",
          "position" : {
            "start" : {
              "line" : 15,
              "column" : 21
            },
            "end" : {
              "line" : 15,
              "column" : 25
            }
          },
          "comments" : [ ],
          "value" : "item"
        },
        "value" : {
          "ASTType" : "BoxStringLiteral",
          "ASTPackage" : "ortus.boxlang.compiler.ast.expression",
          "sourceText" : "\"item\"",
          "position" : {
            "start" : {
              "line" : 15,
              "column" : 26
            },
            "end" : {
              "line" : 15,
              "column" : 32
            }
          },
          "comments" : [ ],
          "value" : "item"
        }
      } ],
      "body" : [ {
        "ASTType" : "BoxBufferOutput",
        "ASTPackage" : "ortus.boxlang.compiler.ast.statement",
        "sourceText" : "\n    <b>",
        "position" : {
          "start" : {
            "line" : 15,
            "column" : 33
          },
          "end" : {
            "line" : 16,
            "column" : 7
          }
        },
        "comments" : [ ],
        "expression" : {
          "ASTType" : "BoxStringLiteral",
          "ASTPackage" : "ortus.boxlang.compiler.ast.expression",
          "sourceText" : "\n    <b>",
          "position" : {
            "start" : {
              "line" : 15,
              "column" : 33
            },
            "end" : {
              "line" : 16,
              "column" : 7
            }
          },
          "comments" : [ ],
          "value" : "\n    <b>"
        }
      }, {
        "ASTType" : "BoxBufferOutput",
        "ASTPackage" : "ortus.boxlang.compiler.ast.statement",
        "sourceText" : "#item#",
        "position" : {
          "start" : {
            "line" : 16,
            "column" : 7
          },
          "end" : {
            "line" : 16,
            "column" : 13
          }
        },
        "comments" : [ ],
        "expression" : {
          "ASTType" : "BoxStringInterpolation",
          "ASTPackage" : "ortus.boxlang.compiler.ast.expression",
          "sourceText" : "#item#",
          "position" : {
            "start" : {
              "line" : 16,
              "column" : 7
            },
            "end" : {
              "line" : 16,
              "column" : 13
            }
          },
          "comments" : [ ],
          "values" : [ {
            "ASTType" : "BoxIdentifier",
            "ASTPackage" : "ortus.boxlang.compiler.ast.expression",
            "sourceText" : "item",
            "position" : {
              "start" : {
                "line" : 16,
                "column" : 8
              },
              "end" : {
                "line" : 16,
                "column" : 12
              }
            },
            "comments" : [ ],
            "name" : "item"
          } ]
        }
      }, {
        "ASTType" : "BoxBufferOutput",
        "ASTPackage" : "ortus.boxlang.compiler.ast.statement",
        "sourceText" : "</b>, \n",
        "position" : {
          "start" : {
            "line" : 16,
            "column" : 13
          },
          "end" : {
            "line" : 16,
            "column" : 20
          }
        },
        "comments" : [ ],
        "expression" : {
          "ASTType" : "BoxStringLiteral",
          "ASTPackage" : "ortus.boxlang.compiler.ast.expression",
          "sourceText" : "</b>, \n",
          "position" : {
            "start" : {
              "line" : 16,
              "column" : 13
            },
            "end" : {
              "line" : 16,
              "column" : 20
            }
          },
          "comments" : [ ],
          "value" : "</b>, \n"
        }
      } ]
    }, {
      "ASTType" : "BoxBufferOutput",
      "ASTPackage" : "ortus.boxlang.compiler.ast.statement",
      "sourceText" : "\n<hr>\n\n<h3>Loop Struct:</h3>\n",
      "position" : {
        "start" : {
          "line" : 17,
          "column" : 10
        },
        "end" : {
          "line" : 20,
          "column" : 22
        }
      },
      "comments" : [ ],
      "expression" : {
        "ASTType" : "BoxStringLiteral",
        "ASTPackage" : "ortus.boxlang.compiler.ast.expression",
        "sourceText" : "\n<hr>\n\n<h3>Loop Struct:</h3>\n",
        "position" : {
          "start" : {
            "line" : 17,
            "column" : 10
          },
          "end" : {
            "line" : 20,
            "column" : 22
          }
        },
        "comments" : [ ],
        "value" : "\n<hr>\n\n<h3>Loop Struct:</h3>\n"
      }
    }, {
      "ASTType" : "BoxComponent",
      "ASTPackage" : "ortus.boxlang.compiler.ast.statement.component",
      "sourceText" : "<bx:loop collection=#user# item=\"item\">\n    <b>#item#</b> = #user[item]#,<br>\n</bx:loop>",
      "position" : {
        "start" : {
          "line" : 21,
          "column" : 0
        },
        "end" : {
          "line" : 23,
          "column" : 10
        }
      },
      "comments" : [ ],
      "name" : "loop",
      "attributes" : [ {
        "ASTType" : "BoxAnnotation",
        "ASTPackage" : "ortus.boxlang.compiler.ast.statement",
        "sourceText" : "collection=#user#",
        "position" : {
          "start" : {
            "line" : 21,
            "column" : 9
          },
          "end" : {
            "line" : 21,
            "column" : 26
          }
        },
        "comments" : [ ],
        "key" : {
          "ASTType" : "BoxFQN",
          "ASTPackage" : "ortus.boxlang.compiler.ast.expression",
          "sourceText" : "collection",
          "position" : {
            "start" : {
              "line" : 21,
              "column" : 9
            },
            "end" : {
              "line" : 21,
              "column" : 19
            }
          },
          "comments" : [ ],
          "value" : "collection"
        },
        "value" : {
          "ASTType" : "BoxIdentifier",
          "ASTPackage" : "ortus.boxlang.compiler.ast.expression",
          "sourceText" : "user",
          "position" : {
            "start" : {
              "line" : 21,
              "column" : 21
            },
            "end" : {
              "line" : 21,
              "column" : 25
            }
          },
          "comments" : [ ],
          "name" : "user"
        }
      }, {
        "ASTType" : "BoxAnnotation",
        "ASTPackage" : "ortus.boxlang.compiler.ast.statement",
        "sourceText" : "item=\"item\"",
        "position" : {
          "start" : {
            "line" : 21,
            "column" : 27
          },
          "end" : {
            "line" : 21,
            "column" : 38
          }
        },
        "comments" : [ ],
        "key" : {
          "ASTType" : "BoxFQN",
          "ASTPackage" : "ortus.boxlang.compiler.ast.expression",
          "sourceText" : "item",
          "position" : {
            "start" : {
              "line" : 21,
              "column" : 27
            },
            "end" : {
              "line" : 21,
              "column" : 31
            }
          },
          "comments" : [ ],
          "value" : "item"
        },
        "value" : {
          "ASTType" : "BoxStringLiteral",
          "ASTPackage" : "ortus.boxlang.compiler.ast.expression",
          "sourceText" : "\"item\"",
          "position" : {
            "start" : {
              "line" : 21,
              "column" : 32
            },
            "end" : {
              "line" : 21,
              "column" : 38
            }
          },
          "comments" : [ ],
          "value" : "item"
        }
      } ],
      "body" : [ {
        "ASTType" : "BoxBufferOutput",
        "ASTPackage" : "ortus.boxlang.compiler.ast.statement",
        "sourceText" : "\n    <b>",
        "position" : {
          "start" : {
            "line" : 21,
            "column" : 39
          },
          "end" : {
            "line" : 22,
            "column" : 7
          }
        },
        "comments" : [ ],
        "expression" : {
          "ASTType" : "BoxStringLiteral",
          "ASTPackage" : "ortus.boxlang.compiler.ast.expression",
          "sourceText" : "\n    <b>",
          "position" : {
            "start" : {
              "line" : 21,
              "column" : 39
            },
            "end" : {
              "line" : 22,
              "column" : 7
            }
          },
          "comments" : [ ],
          "value" : "\n    <b>"
        }
      }, {
        "ASTType" : "BoxBufferOutput",
        "ASTPackage" : "ortus.boxlang.compiler.ast.statement",
        "sourceText" : "#item#",
        "position" : {
          "start" : {
            "line" : 22,
            "column" : 7
          },
          "end" : {
            "line" : 22,
            "column" : 13
          }
        },
        "comments" : [ ],
        "expression" : {
          "ASTType" : "BoxStringInterpolation",
          "ASTPackage" : "ortus.boxlang.compiler.ast.expression",
          "sourceText" : "#item#",
          "position" : {
            "start" : {
              "line" : 22,
              "column" : 7
            },
            "end" : {
              "line" : 22,
              "column" : 13
            }
          },
          "comments" : [ ],
          "values" : [ {
            "ASTType" : "BoxIdentifier",
            "ASTPackage" : "ortus.boxlang.compiler.ast.expression",
            "sourceText" : "item",
            "position" : {
              "start" : {
                "line" : 22,
                "column" : 8
              },
              "end" : {
                "line" : 22,
                "column" : 12
              }
            },
            "comments" : [ ],
            "name" : "item"
          } ]
        }
      }, {
        "ASTType" : "BoxBufferOutput",
        "ASTPackage" : "ortus.boxlang.compiler.ast.statement",
        "sourceText" : "</b> = ",
        "position" : {
          "start" : {
            "line" : 22,
            "column" : 13
          },
          "end" : {
            "line" : 22,
            "column" : 20
          }
        },
        "comments" : [ ],
        "expression" : {
          "ASTType" : "BoxStringLiteral",
          "ASTPackage" : "ortus.boxlang.compiler.ast.expression",
          "sourceText" : "</b> = ",
          "position" : {
            "start" : {
              "line" : 22,
              "column" : 13
            },
            "end" : {
              "line" : 22,
              "column" : 20
            }
          },
          "comments" : [ ],
          "value" : "</b> = "
        }
      }, {
        "ASTType" : "BoxBufferOutput",
        "ASTPackage" : "ortus.boxlang.compiler.ast.statement",
        "sourceText" : "#user[item]#",
        "position" : {
          "start" : {
            "line" : 22,
            "column" : 20
          },
          "end" : {
            "line" : 22,
            "column" : 32
          }
        },
        "comments" : [ ],
        "expression" : {
          "ASTType" : "BoxStringInterpolation",
          "ASTPackage" : "ortus.boxlang.compiler.ast.expression",
          "sourceText" : "#user[item]#",
          "position" : {
            "start" : {
              "line" : 22,
              "column" : 20
            },
            "end" : {
              "line" : 22,
              "column" : 32
            }
          },
          "comments" : [ ],
          "values" : [ {
            "ASTType" : "BoxArrayAccess",
            "ASTPackage" : "ortus.boxlang.compiler.ast.expression",
            "sourceText" : "[item]",
            "position" : {
              "start" : {
                "line" : 22,
                "column" : 25
              },
              "end" : {
                "line" : 22,
                "column" : 10
              }
            },
            "comments" : [ ],
            "context" : {
              "ASTType" : "BoxIdentifier",
              "ASTPackage" : "ortus.boxlang.compiler.ast.expression",
              "sourceText" : "user",
              "position" : {
                "start" : {
                  "line" : 22,
                  "column" : 21
                },
                "end" : {
                  "line" : 22,
                  "column" : 25
                }
              },
              "comments" : [ ],
              "name" : "user"
            },
            "access" : {
              "ASTType" : "BoxIdentifier",
              "ASTPackage" : "ortus.boxlang.compiler.ast.expression",
              "sourceText" : "item",
              "position" : {
                "start" : {
                  "line" : 22,
                  "column" : 26
                },
                "end" : {
                  "line" : 22,
                  "column" : 30
                }
              },
              "comments" : [ ],
              "name" : "item"
            },
            "safe" : false
          } ]
        }
      }, {
        "ASTType" : "BoxBufferOutput",
        "ASTPackage" : "ortus.boxlang.compiler.ast.statement",
        "sourceText" : ",<br>\n",
        "position" : {
          "start" : {
            "line" : 22,
            "column" : 32
          },
          "end" : {
            "line" : 22,
            "column" : 38
          }
        },
        "comments" : [ ],
        "expression" : {
          "ASTType" : "BoxStringLiteral",
          "ASTPackage" : "ortus.boxlang.compiler.ast.expression",
          "sourceText" : ",<br>\n",
          "position" : {
            "start" : {
              "line" : 22,
              "column" : 32
            },
            "end" : {
              "line" : 22,
              "column" : 38
            }
          },
          "comments" : [ ],
          "value" : ",<br>\n"
        }
      } ]
    }, {
      "ASTType" : "BoxBufferOutput",
      "ASTPackage" : "ortus.boxlang.compiler.ast.statement",
      "sourceText" : "\n<hr>\n\n<h3>Conditions:</h3>\n",
      "position" : {
        "start" : {
          "line" : 23,
          "column" : 10
        },
        "end" : {
          "line" : 26,
          "column" : 21
        }
      },
      "comments" : [ ],
      "expression" : {
        "ASTType" : "BoxStringLiteral",
        "ASTPackage" : "ortus.boxlang.compiler.ast.expression",
        "sourceText" : "\n<hr>\n\n<h3>Conditions:</h3>\n",
        "position" : {
          "start" : {
            "line" : 23,
            "column" : 10
          },
          "end" : {
            "line" : 26,
            "column" : 21
          }
        },
        "comments" : [ ],
        "value" : "\n<hr>\n\n<h3>Conditions:</h3>\n"
      }
    }, {
      "ASTType" : "BoxIfElse",
      "ASTPackage" : "ortus.boxlang.compiler.ast.statement",
      "sourceText" : "<bx:if arr[1] == 2>\n    <b>arr[1] is  2</b>\n<bx:else>\n    <b>arr[1] is not 2</b>\n</bx:if>",
      "position" : {
        "start" : {
          "line" : 27,
          "column" : 0
        },
        "end" : {
          "line" : 31,
          "column" : 8
        }
      },
      "comments" : [ ],
      "condition" : {
        "ASTType" : "BoxComparisonOperation",
        "ASTPackage" : "ortus.boxlang.compiler.ast.expression",
        "sourceText" : "arr[1] == 2",
        "position" : {
          "start" : {
            "line" : 27,
            "column" : 7
          },
          "end" : {
            "line" : 27,
            "column" : 18
          }
        },
        "comments" : [ ],
        "left" : {
          "ASTType" : "BoxArrayAccess",
          "ASTPackage" : "ortus.boxlang.compiler.ast.expression",
          "sourceText" : "[1]",
          "position" : {
            "start" : {
              "line" : 27,
              "column" : 10
            },
            "end" : {
              "line" : 27,
              "column" : 7
            }
          },
          "comments" : [ ],
          "context" : {
            "ASTType" : "BoxIdentifier",
            "ASTPackage" : "ortus.boxlang.compiler.ast.expression",
            "sourceText" : "arr",
            "position" : {
              "start" : {
                "line" : 27,
                "column" : 7
              },
              "end" : {
                "line" : 27,
                "column" : 10
              }
            },
            "comments" : [ ],
            "name" : "arr"
          },
          "access" : {
            "ASTType" : "BoxIntegerLiteral",
            "ASTPackage" : "ortus.boxlang.compiler.ast.expression",
            "sourceText" : "1",
            "position" : {
              "start" : {
                "line" : 27,
                "column" : 11
              },
              "end" : {
                "line" : 27,
                "column" : 6
              }
            },
            "comments" : [ ],
            "value" : "1"
          },
          "safe" : false
        },
        "operator" : {
          "ASTType" : "BoxComparisonOperation",
          "ASTPackage" : "ortus.boxlang.compiler.ast.expression",
          "sourceText" : "Equal"
        },
        "right" : {
          "ASTType" : "BoxIntegerLiteral",
          "ASTPackage" : "ortus.boxlang.compiler.ast.expression",
          "sourceText" : "2",
          "position" : {
            "start" : {
              "line" : 27,
              "column" : 17
            },
            "end" : {
              "line" : 27,
              "column" : 12
            }
          },
          "comments" : [ ],
          "value" : "2"
        }
      },
      "thenBody" : {
        "ASTType" : "BoxStatementBlock",
        "ASTPackage" : "ortus.boxlang.compiler.ast.statement",
        "sourceText" : "\n    <b>arr[1] is  2</b>\n",
        "position" : {
          "start" : {
            "line" : 27,
            "column" : 19
          },
          "end" : {
            "line" : 28,
            "column" : 24
          }
        },
        "comments" : [ ],
        "body" : [ {
          "ASTType" : "BoxBufferOutput",
          "ASTPackage" : "ortus.boxlang.compiler.ast.statement",
          "sourceText" : "\n    <b>arr[1] is  2</b>\n",
          "position" : {
            "start" : {
              "line" : 27,
              "column" : 19
            },
            "end" : {
              "line" : 28,
              "column" : 24
            }
          },
          "comments" : [ ],
          "expression" : {
            "ASTType" : "BoxStringLiteral",
            "ASTPackage" : "ortus.boxlang.compiler.ast.expression",
            "sourceText" : "\n    <b>arr[1] is  2</b>\n",
            "position" : {
              "start" : {
                "line" : 27,
                "column" : 19
              },
              "end" : {
                "line" : 28,
                "column" : 24
              }
            },
            "comments" : [ ],
            "value" : "\n    <b>arr[1] is  2</b>\n"
          }
        } ]
      },
      "elseBody" : {
        "ASTType" : "BoxStatementBlock",
        "ASTPackage" : "ortus.boxlang.compiler.ast.statement",
        "sourceText" : "\n    <b>arr[1] is not 2</b>\n",
        "position" : {
          "start" : {
            "line" : 29,
            "column" : 9
          },
          "end" : {
            "line" : 30,
            "column" : 27
          }
        },
        "comments" : [ ],
        "body" : [ {
          "ASTType" : "BoxBufferOutput",
          "ASTPackage" : "ortus.boxlang.compiler.ast.statement",
          "sourceText" : "\n    <b>arr[1] is not 2</b>\n",
          "position" : {
            "start" : {
              "line" : 29,
              "column" : 9
            },
            "end" : {
              "line" : 30,
              "column" : 27
            }
          },
          "comments" : [ ],
          "expression" : {
            "ASTType" : "BoxStringLiteral",
            "ASTPackage" : "ortus.boxlang.compiler.ast.expression",
            "sourceText" : "\n    <b>arr[1] is not 2</b>\n",
            "position" : {
              "start" : {
                "line" : 29,
                "column" : 9
              },
              "end" : {
                "line" : 30,
                "column" : 27
              }
            },
            "comments" : [ ],
            "value" : "\n    <b>arr[1] is not 2</b>\n"
          }
        } ]
      }
    }, {
      "ASTType" : "BoxBufferOutput",
      "ASTPackage" : "ortus.boxlang.compiler.ast.statement",
      "sourceText" : "\n<hr>\n\n<h3>Demp:</h3>\n",
      "position" : {
        "start" : {
          "line" : 31,
          "column" : 8
        },
        "end" : {
          "line" : 34,
          "column" : 15
        }
      },
      "comments" : [ ],
      "expression" : {
        "ASTType" : "BoxStringLiteral",
        "ASTPackage" : "ortus.boxlang.compiler.ast.expression",
        "sourceText" : "\n<hr>\n\n<h3>Demp:</h3>\n",
        "position" : {
          "start" : {
            "line" : 31,
            "column" : 8
          },
          "end" : {
            "line" : 34,
            "column" : 15
          }
        },
        "comments" : [ ],
        "value" : "\n<hr>\n\n<h3>Demp:</h3>\n"
      }
    }, {
      "ASTType" : "BoxComponent",
      "ASTPackage" : "ortus.boxlang.compiler.ast.statement.component",
      "sourceText" : "<bx:dump var=#variables# />",
      "position" : {
        "start" : {
          "line" : 35,
          "column" : 0
        },
        "end" : {
          "line" : 35,
          "column" : 27
        }
      },
      "comments" : [ ],
      "name" : "dump",
      "attributes" : [ {
        "ASTType" : "BoxAnnotation",
        "ASTPackage" : "ortus.boxlang.compiler.ast.statement",
        "sourceText" : "var=#variables#",
        "position" : {
          "start" : {
            "line" : 35,
            "column" : 9
          },
          "end" : {
            "line" : 35,
            "column" : 24
          }
        },
        "comments" : [ ],
        "key" : {
          "ASTType" : "BoxFQN",
          "ASTPackage" : "ortus.boxlang.compiler.ast.expression",
          "sourceText" : "var",
          "position" : {
            "start" : {
              "line" : 35,
              "column" : 9
            },
            "end" : {
              "line" : 35,
              "column" : 12
            }
          },
          "comments" : [ ],
          "value" : "var"
        },
        "value" : {
          "ASTType" : "BoxScope",
          "ASTPackage" : "ortus.boxlang.compiler.ast.expression",
          "sourceText" : "variables",
          "position" : {
            "start" : {
              "line" : 35,
              "column" : 14
            },
            "end" : {
              "line" : 35,
              "column" : 23
            }
          },
          "comments" : [ ],
          "name" : "variables"
        }
      } ],
      "body" : [ ]
    }, {
      "ASTType" : "BoxBufferOutput",
      "ASTPackage" : "ortus.boxlang.compiler.ast.statement",
      "sourceText" : "\n",
      "position" : {
        "start" : {
          "line" : 35,
          "column" : 27
        },
        "end" : {
          "line" : 35,
          "column" : 28
        }
      },
      "comments" : [ ],
      "expression" : {
        "ASTType" : "BoxStringLiteral",
        "ASTPackage" : "ortus.boxlang.compiler.ast.expression",
        "sourceText" : "\n",
        "position" : {
          "start" : {
            "line" : 35,
            "column" : 27
          },
          "end" : {
            "line" : 35,
            "column" : 28
          }
        },
        "comments" : [ ],
        "value" : "\n"
      }
    } ]
  } ]
}